新闻推送问询示意,答复结果-新闻简报数据,负向反馈query,负向反馈answer,评分
<｜place▁holder▁no▁7｜>下班路上为您精选了最新的科技要闻，要听一听吗？,"收到，下面分条为您介绍。第一条介绍，香港大埔宏福苑26日下午发生五级火警。火灾发生后，香港特区政府迅速行动，社会各界及广大市民快速集结，助力受灾居民渡过难关。
第二条介绍，近日，女子生理期在马尔代夫潜水被鲨鱼咬伤，事后竟向朋友“炫耀”。朋友劝她去医院不然会截肢，女子不以为然哈哈大笑，引发全网对冒险行为边界与安全意识的激烈争议。
第三条介绍，11月26日上映的《疯狂动物城2》票房突破5.18亿元，观影人次超1291万，20至29岁观众占比近半。联名周边热销，二手平台朱迪冰箱贴转手价达20元，猫眼预测其内地总票房将达24.03亿元。
介绍完毕，敬请参考",不听啦，路上车多,(_认同_)您说的对，路上确实要小心。(_留意_)那我就不打扰您了，您专心开车注意安全哦。,1
<｜place▁holder▁no▁7｜>下班快到了，要不要听听今天的新闻？,"收到，现在开始通告。第一个通告，近日有传言称，市面上的真空玉米、冷冻玉米都是“科技与狠活”，不仅刷小甜水，还是冻了许多年的“僵尸玉米”。专家表示，按照所谓 “僵尸玉米” 的网传制作方法，口感是一口假，任何人吃一口都能分辨出来，大家无需因此过度担忧。
第二个通告，11月27日，11头披挂粉色装饰的大象在泰国曼谷大皇宫前整齐鞠躬，参与悼念今年10月去世的王太后诗丽吉。这些大象来自大城府皇家象园，身披传统装饰并涂成粉色，模仿被视为吉祥象征的白化象。
第三个通告，日前，河南新乡一女子遭遇车祸成植物人，婆婆借款百万寸步不离照顾5年，并表示“喊我一声妈，我就为她后半生负责任！”
通告完毕，请慢用",不用，我听音乐呢,(_自然_)明白了。(_自然_)那我就不打扰你欣赏音乐啦。,1
<｜place▁holder▁no▁7｜>高速上还有段距离，要不要来点今天的新闻？,"好的，为您带来详细播报。第一个详情，11月27日国家文物局发布会公布，4300年前后的石峁城先民找到了：科研团队通过核基因组研究证实其主体源于陕北仰韶晚期人群，且揭示其以父系亲缘构建社会等级，与多地区人群有互动交流。
第二个详情，当地时间11月28日，据斯里兰卡灾害管理中心消息，连日来的极端天气已导致全国69人死亡，34人失踪。
第三个详情，当地时间11月28日，日本厚生劳动省数据显示，截至11月23日的一周内，日本全国定点医疗机构共报告流感病例逾19万例，约为前一周的1.4倍，全国47个都道府县中已有39个达到流感流行“警报”级别。
详细播报结束，祝您如意",别播了，没心思。,(_关心_)理解呢，那我就不打扰你啦。(_关心_)需要的时候随时叫我哦。,1
<｜place▁holder▁no▁7｜>还会堵一会儿，我来为您播报下昨天的新闻吧？,"好的，马上为您道来。首要事宜，2025年7月5日，石破茂曾发布照片自己进入一家拉面店吃面，还展示了自己点的一大碗面，但因为加了太多叉烧肉，被日本网友痛批奢侈。此前他也多次因为吃相差而被批不符合首相身份。
其次事宜，11月28日消息，湖北通报的两起典型案例中，包括钟祥市发展和改革局公文抄袭问题。钟祥市官网发布的《钟祥市住宅小区充电桩报装便捷服务实施方案》其内容照搬京山市方案，文字重复率达98%，属典型形式主义问题。
最后事宜，11月26日晚，位于塔吉克斯坦和阿富汗边境的哈特隆州沙姆西丁·绍欣区发生武装袭击事件，造成3名中国公民死亡，1名中国公民受伤。中国驻塔吉克斯坦大使馆通报在塔中国公民遇袭：强烈谴责严重犯罪行径，要求塔方严惩凶手。
事宜通报完毕，请多保重",不用了，一会儿就到了。,(_自然_)行，那就不打扰您啦。(_关心_)等您到了目的地，需要帮忙随时叫我哦。,1
<｜place▁holder▁no▁7｜>晚安前要不要来点最新的要闻，放松一下心情？,"收到，下面逐条为您阅读。第一条，11月26日，香港沙田消防局37岁消防员何伟豪在扑救大埔宏福苑五级火灾时殉职，其与相恋近10年的女友原定下月结婚。何伟豪于下午3时01分抵达现场，半小时后失联，被寻获时面部严重烧伤，送医后不治。
第二条，11月24日，K1393次列车上外包售货员周某华因与网红博主热情互动（交换食品、拥抱）被公司以“影响铁路形象”停职，引发对铁路服务人情味与管理僵化的争议。
第三条，美国《华尔街日报》28日刊文披露，自2022年2月乌克兰危机全面升级后，十余名德国高级军官着手秘密制订对俄罗斯作战计划，但今年9月一起军事演习显示，该计划因各种突发状况仍需修改。
阅读完毕，祝您平安喜乐",这会儿不想听新闻，谢谢,(_自然_)好的，那就不打扰您啦。(_关心_)晚安，做个好梦哦。,1
<｜place▁holder▁no▁7｜>早班车上为您整理了今天的重点新闻，要听一听吗？,"好的，资讯已准备就绪。现在开始播报：第一条消息，工业和信息化部组织起草的《移动电源安全技术规范》强制性国家标准即将落地，中国电子技术标准化研究院副院长郭楠表示，已获3C认证的移动电源可继续使用，新标准预计2026年一季度发布，过渡期6至12个月。
第二条消息，26日，针对赖清德提出防务特别预算等问题，郑丽文沉重喊话：赖清德在玩火！洪秀柱也批赖的行为：是在玩人民的命。
第三条消息，今年以来，多家第三方平台悄然取消话费小额充值选项。在不少电商平台，话费充值都是“以50元起充”。从“10元、20元选项消失”到“充话费的自由去哪了”，网民的声音折射出大众对消费自主权被无形挤压的质疑。
祝您今日收获满满！",不用啦,(_自然_)明白了，那我就不打扰您啦。(_自然_)祝您今天工作顺利，心情愉快哦！,1
<｜place▁holder▁no▁7｜>清晨好，为您准备了几条新闻，想了解一下吗？,"收到，下面分条为您介绍。第一条介绍，11月26日，在辽宁葫芦岛，一女子过马路时被出租车撞至对向行驶的公交车下。危急时刻，车上乘客与路过市民自发集结，徒手合力抬车，成功救出被困女子。目前，女子正在医院接受治疗。
第二条介绍，近日，某部队首次挑战对海上目标进行实弹打击。从火力覆盖到精准点穴，现代战争正在以超视距打击，重新定义胜负边界，看远火对海实弹射击现场。
第三条介绍，11月28日美团三季度财报电话会上，美团王兴认为外卖价格战不可持续，称其是低质低价内卷竞争，同时透露美团中高价订单市占领先，将加大骑手、商户投入捍卫市场地位。
介绍完毕，敬请参考",不感兴趣，别播了。,(_自然_)那我就不打扰您啦。(_自然_)有需要再随时叫我哦。,1
<｜place▁holder▁no▁7｜>早呀，今天为您带来几条互联网热点新闻，需要播报一下吗？,"好的，为您准时送达。第一条信息，当地时间11月27日，俄罗斯总统普京结束对吉尔吉斯斯坦国事访问后举行记者会强调，欧盟非法没收俄罗斯财产的图谋就是在“盗窃财产”。他表示，已下令俄罗斯政府制定一揽子反制预案。
第二条信息，11月28日下午，陕西省十四届人大常委会第十九次会议举行第二次全体会议。会议表决通过了省人大常委会关于接受陈春江辞去陕西省副省长职务的请求的决定。
第三条信息，当地时间11月28日，俄罗斯总统新闻秘书佩斯科夫在简报中表示，美国已向俄罗斯转交了23日与乌克兰在日内瓦谈判中达成一致的计划细节，这些细节将在下周进行讨论。
信息送达完毕，请验收",不听啦，一会儿再说。,(_愉悦_)好的，那我就不打扰您啦，您先忙。,1
<｜place▁holder▁no▁7｜>目前还会堵几分钟，要不要听听昨天的新闻？,"收到，现在开始播报。首先，11月28日，WTT世界乒联公布2026多哈冠军赛首批参赛名单，赛事明年1月7日至11日举办，冠军获1000积分。王楚钦缺席WTT多哈冠军赛男单，林诗栋领衔国乒男单参赛。
其次，11月26日，赖清德召集所谓“国安高层会议”，抛出所谓“守护民主台湾国家安全行动方案”，鼓吹“台独”分裂谬论。国台办罕见发出“玩火者必自焚”的严正警告，充分表明赖清德若执意穷兵黩武、“谋独引战”，必将自取灭亡！
最后，11月28日，外交部发言人毛宁在记者会上对中俄正在就结束乌克兰冲突进行磋商回应称，中方始终认为对话谈判是解决乌克兰危机的唯一可行出路，我们支持一切有利于和平的努力。
播报全部结束，您辛苦了！",不需要。,(_自然_)好的，那就不打扰您啦。(_自然_)有需要随时再叫我哦。,1
<｜place▁holder▁no▁7｜>早呀，今天为您准备了几条昨日新闻，要听一听吗？,"收到，现在开始简报。简报第一条，当地时间11月26日，29岁阿富汗籍男子拉赫曼努拉·拉坎瓦尔在白宫附近枪击两名国民警卫队成员，嫌犯曾作为合作部队成员与CIA在阿富汗共事，2021年通过拜登政府盟友欢迎行动入境美国。
简报第二条，11月27日，香港特区政府消防处公布数据显示，截至22时，香港新界大埔火灾已造成75人遇难，另有76人受伤。
简报第三条，11月27日，王毅应约同博纳通电话，强调日本现职领导人涉台挑衅言论公然开历史倒车，中方阐明立场，法方重申奉行一个中国政策，双方还就中法关系、乌克兰危机等交换意见。
简报完成，祝您轻松惬意",大可不必了。,(_愉悦_)明白啦，那我就不打扰您啦。(_关心_)祝您今天过得轻松惬意！,1
<｜place▁holder▁no▁7｜>还会堵一会儿，我来为您播报下昨天的新闻吧？,"收到，下面分三段播报。第一段，当前，全国流感活动已进入较快上升期。流感主要由甲型和乙型流感病毒引起，临床表现包括38摄氏度以上的发热、头疼、肌肉酸痛、乏力等比较重的全身症状。带你一图区分普通感冒和流感。
第二段，11月27日，国防部新闻发言人蒋斌大校在例行记者会上回应中国是否建造核动力航母时表示，有关航母建设始终根据国家安全和装备技术发展需要推进。
第三段，11月27日，香港特区行政长官李家超表示，目前，香港新界大埔宏福苑起火的7栋大厦火势已经全部受控。
播报完成，祝您幸福",不想听。,(_关心_)明白啦，那我就不打扰您啦。(_留意_)天气转凉，您要注意保暖，照顾好自己。,1
<｜place▁holder▁no▁7｜>上班途中为您精选了几条昨日资讯，需要了解下吗？,"收到，下面清晰为您播报。第一则新闻，日本朝日集团27日发布消息称，因遭网络攻击导致系统故障，旗下朝日啤酒等公司的客户及员工等共计191.4万条个人信息可能已泄露。社长胜木敦志在东京召开记者会并道歉称，给广大客户和相关方面造成诸多困扰，衷心表示歉意。
第二则新闻， 11月27日，贵州榕江村超球场变爱心集结地，榕江群众自发为香港大埔火灾受灾人员募捐。
第三则新闻，11月27日消息，日本首相辅佐官远藤敬（隶属于日本维新会）在接受采访时表示，如果日本维新会与自民党就减少国会众议院议员数进行的谈判进展不顺利，日本维新会有可能会退出执政联盟。
新闻播报完毕，谢谢收听",不听不听,(_自然_)好的，那我就不播报新闻啦。,1
<｜place▁holder▁no▁7｜>晚上好，下班路上为您准备了最新的社会新闻，想听吗？,"收到，今日快讯已为您整理。首先第一条，11月24日，黑龙江佳木斯一名列车售货员在列车上与网红博主互动时，因幽默推销、赠送食品及拥抱等行为，被外包公司以“影响铁路形象”为由停职。11月27日，牡丹江客运段发布情况说明，已恢复周某华列车售货工作。
然后第二条，11月27日，香港特区行政长官李家超在特区政府总部会见媒体。李家超宣布大埔火灾后的一系列安排，包括：今晚向灾民派发每户1万港元应急补助金等5条措施。
最后第三条，近日，网络上流传关于“珠峰安装电梯”等信息。对此西藏相关部门回应称，目前珠峰暂无安装电梯计划，网传图文视频为AI生成的虚假信息。
请慢慢聆听，祝您有美好的一天",婉拒哈，不用,(_自然_)那我就不打扰您啦，您专心开车注意安全哦。(_自然_)有需要随时再叫我。,1
<｜place▁holder▁no▁7｜>晚上好，路上为您准备了几条今日要闻，想了解吗？,"收到，下面为您语音播报。首先关注第一条，11月26日，西安市碑林区南大街发生一起交通事故。警方通报称肇事驾驶人郭某已被控制，案件正在进一步办理中。
接下来是第二条，11月27日，国防部新闻发言人蒋斌大校就“日本有人称能击沉福建舰”一事回应称：痴人说梦，不自量力。
最后请听第三条，11月27日，国防部新闻发言人蒋斌就“演习是否意在警告日本”一事作出回应。蒋斌表示，维护国家主权统一、领土完整是中国军队的神圣职责，对于任何的侵略行为，我们都将毫不留情予以迎头痛击。
播报完成，祝您安好",累死了，不想。,(_关心_)明白啦，那我就不打扰你休息啦。(_关心_)有需要随时叫我哦。,0
<｜place▁holder▁no▁7｜>上班途中为您精选了几条昨日资讯，需要了解下吗？,"好的，资讯已准备就绪。现在开始播报：第一条消息，11月27日下午，国防部举行例行记者会，国防部新闻发言人蒋斌大校答记者问：中国自主研制建造两栖攻击舰等武器装备，是着眼国家安全需要和海军建设发展全局作出的安排，目的是捍卫国家主权、安全、发展利益，更好地维护世界和地区和平稳定。
第二条消息，当地时间11月27日，俄罗斯总统普京表示，美方代表团将于下周到访莫斯科。普京称，俄罗斯和乌克兰特种部门一直在保持接触。双方主要就换俘等人道主义问题在阿布扎比进行交流。
第三条消息，11月27日，中国大熊猫保护研究中心公布大熊猫“高高”去世。“高高”于2018年11月1日从美国圣迭戈动物园回到熊猫中心，回国已是高龄。患有高血压、心脏病、关节炎等老年常见疾病，受到熊猫中心高度关注与精心护理。
祝您今日收获满满！",不需要,(_自然_)明白啦。(_自然_)那我就先不说啦，有需要再随时叫我哦。,1
<｜place▁holder▁no▁7｜>路上还有点距离，我为您准备了昨日新闻，想听吗？,"收到，今日快讯已为您整理。首先第一条，近日有读者反映，荣耀、华为、魅族等手机 “紧急呼叫” 界面将110标注为“匪警”，质疑该表述非通用名称且易生歧义。涉事厂商回应标注无误，法学专家称系旧称延续，无需过度解读。
然后第二条，据法新社11月26日报道，美国佐治亚州司法部门26日撤销了对特朗普和其他14人的诉讼程序，这项诉讼的原因是他们涉嫌试图非法推翻2020年大选结果。此举标志着这位美国总统面临的最后一项刑事指控就此终结。
最后第三条，安徽亳州谯城区应急管理局27日通报，该区赵桥乡23日排查发现一处非法生产烟花爆竹场所，26日委托专业第三方公司集中销毁其原材料时突发巨响，产生的冲击波造成附近少量房屋窗玻璃受损、4人轻微擦伤，相关情况正依法依规调查处理。
请慢慢聆听，祝您有美好的一天",暂时不用,(_自然_)好的，那我就不打扰您啦。(_自然_)有需要随时叫我哦。,1
<｜place▁holder▁no▁7｜>上班路上需要我为您播报下昨日的新闻吗？,"收到，下面清晰为您播报。第一则新闻，11月27日，香港大埔宏福苑火灾事故发生后，社会各界迅速展开救援资助行动。香港赛马会、招商局集团等机构迅速响应，首批捐款总额超3亿港元，用于紧急安置及灾后重建。
第二则新闻，据美媒报道，美国两名国民警卫队成员26日在白宫附近遭到枪击。美国警方表示：嫌疑人已被抓获，凶手被确认为阿富汗公民。
第三则新闻，当地时间11月26日，美国南方司令部航空部队发布公报表示，B-52H型战略轰炸机在加勒比海进行了战术攻击演习。公报称，B-52H此次演习行动在国际水域沿委内瑞拉海岸线展开。
新闻播报完毕，谢谢收听",不用。,(_自然_)好的，那我就为您播报一下这些新闻吧。(_自然_)先说一下香港大埔宏福苑的火灾事故，十一月二十七日发生这起火灾后，社会各界迅速展开了救援资助行动，香港赛马会、招商局集团等机构也纷纷响应，首批捐款总额超过了三亿港元，用于紧急安置和灾后重建工作。(_严肃_)接着是一件国际新闻，据美媒报道，十一月二十六日，美国两名国民警卫队成员在白宫附近遭到了枪击，不过好在嫌疑人已经被抓获，凶手被确认为阿富汗公民。(_自然_)最后还有一条军事新闻，当地时间十一月二十六日，美国南方司令部航空部队发布公报，表示B五十二H型战略轰炸机在加勒比海进行了战术攻击演习，这次演习行动在国际水域沿委内瑞拉海岸线展开。(_自然_)以上就是全部内容啦，感谢您的收听。,0
<｜place▁holder▁no▁7｜>晚高峰期间要不要来点新闻放松下？,"好的，马上为您道来。首要事宜，11月27日，外交部发言人郭嘉昆主持例行记者会。他表示：“不再提及”和“撤回”错误言论是两码事，性质完全不同。日方妄想通过“不再提及”淡化搪塞掩盖高市首相的严重错误言论，是掩耳盗铃、自说自话，中方绝不接受。
其次事宜，11月27日，据俄新社等媒体最新报道，俄罗斯总统普京称，俄军已控制红军城(乌克兰称波克罗夫斯克)70%的地区。
最后事宜，11月27日，国防部举行例行记者会。蒋斌回应日本在台培养媚日人士：日本在殖民台湾时就大搞“皇民化运动”，现在以更隐蔽的方式投入巨资对台湾民众进行思想和文化渗透。两岸同胞应该高度警惕日本的政治操弄，坚决反对任何媚日卖台、数典忘祖的恶劣行径。
事宜通报完毕，请多保重",一点都不放松，不听,(_自然_)那我就不打扰你啦。(_自然_)有需要随时叫我哦。,1
<｜place▁holder▁no▁7｜>晚上好，路上为您准备了几条今日要闻，想了解吗？,"收到，下面开始报告。第一个报告，11月26日，《禁止化学武器公约》（下称《公约》）第30届缔约国大会在荷兰海牙审议化武销毁决定执行情况。中国代表团再次严肃敦促日方全面履行《公约》义务，切实承担历史责任，加快处理在华遗弃化学武器进程。
第二个报告，11月27日，中国国防部新闻发言人蒋斌大校在例行记者会上警告日本，若在与那国岛部署导弹并军事介入台海，将付出惨痛代价，强调台湾问题纯属中国内政，日本无权干涉。
第三个报告，当地时间11月26日，欧盟反垄断事务执行副主席特蕾莎·里贝拉指责美国以钢铝关税为筹码施压欧盟放宽数字监管规则，称此举为“勒索”，并强调《数字市场法》等监管政策不应与贸易谈判挂钩。
报告结束，祝您成功",不想了解。,(_愉悦_)明白啦。(_自然_)那我就先不占用您的时间啦。(_愉悦_)祝您一路顺风哦。,1
